Id,EID,EName,Esalary,Address
139,111,Pavan,6000.0,India
137,99,Pavaniii,6000.0,India
136,88,Pavaniii,6000.0,India
138,110,Pavan,6000.0,India
140,12,Mohit,50000.0,India
141,13,Pavan,2000.0,India
142,1,Pavan,86000.0,India
143,2,Mohit,50000.0,USA
144,3,Pavan,2000.0,UK
145,4,Mohit,30000.0,USA
149,9,Sita,60000.0,UK
146,6,RAM,,USA
149,10,RAM,,CANADA
147,5,Pavan,2000.0,UK
148,7,Mohit,30000.0,USA
149,8,RAM,60000.0,USA
150,14,RAM,60000.0,USA
151,15,RAM,70000.0,India
151,16,RAM,70000.0,India
152,15,Rahul,8000.0,India
153,17,Vikas,,Japan
154,18,Amit,,USA
155,19,Priya,15596.0,India
156,20,Neha,90567.0,Brazil
157,21,Arjun,36558.0,Germany
158,22,Vikas,76983.0,Japan
159,23,Amit,59227.0,USA
160,24,Sita,,UK
161,25,Arjun,69726.0,India
162,26,Vikas,,USA
163,27,Sita,8930.0,UK
164,28,Rahul,,Brazil
165,29,RAM,73022.0,Brazil
166,30,Vikas,61779.0,USA
167,31,Priya,,Australia
168,32,Sita,,USA
169,33,Mohit,96605.0,Canada
170,34,Neha,,UAE
171,35,Arjun,,Australia
172,36,Sita,,Japan
173,37,Pavan,51231.0,France
174,38,RAM,,India
175,39,RAM,,France
176,40,Pavan,76590.0,USA
177,41,Sita,,India
178,42,Vikas,,USA
179,43,Arjun,,Japan
180,44,Amit,,Germany
181,45,Pavan,,UK
182,46,Vikas,75682.0,France
183,47,Mohit,,Canada
184,48,Pavan,,UAE
185,49,Arjun,,India
186,50,Rahul,,USA
187,51,Priya,,Brazil
188,52,Sita,11225.0,Japan
189,53,Amit,,Japan
190,54,Rahul,91354.0,USA
191,55,Priya,,USA
192,56,Priya,,USA
193,57,Pavan,,Germany
194,58,Vikas,,UK
195,59,Amit,,Australia
196,60,Sita,,Canada
197,61,Arjun,30741.0,Australia
198,62,Neha,81685.0,Brazil
199,63,Neha,,UAE
200,64,Priya,80421.0,UAE
201,65,Rahul,81583.0,Japan
202,66,Rahul,,Canada
203,67,Sita,,India
204,68,Neha,5032.0,Canada
205,69,Amit,59570.0,Brazil
206,70,Neha,84045.0,France
207,71,RAM,20254.0,Canada
208,72,Amit,51245.0,USA
209,73,RAM,56083.0,Germany
210,74,RAM,,Germany
211,75,Rahul,,India
212,76,Sita,60502.0,UK
213,77,Amit,,UAE
214,78,Pavan,15201.0,USA
215,79,Vikas,18844.0,India
216,80,Amit,,Australia
217,81,Rahul,94299.0,Brazil
218,82,Pavan,97869.0,India
219,83,RAM,67639.0,India
220,84,Neha,37015.0,USA
221,85,Priya,33681.0,Australia
222,86,Sita,,France
223,87,Arjun,86677.0,France
224,88,Priya,34625.0,Canada
225,89,Vikas,,UK
226,90,Vikas,,France
227,91,RAM,41299.0,UK
228,92,Arjun,,UAE
229,93,Mohit,,UK
230,94,Pavan,5720.0,Australia
231,95,Mohit,55923.0,UAE
232,96,Pavan,90304.0,USA
233,97,Pavan,,Canada
234,98,Vikas,74499.0,UAE
235,99,Neha,72605.0,UK
236,100,Rahul,,USA
237,101,Arjun,90667.0,Canada
238,102,Arjun,27318.0,Brazil
239,103,Mohit,,Brazil
240,104,Rahul,86314.0,Canada
241,105,Vikas,,Canada
242,106,Neha,86239.0,Japan
243,107,Neha,,Germany
244,108,Neha,,USA
245,109,Arjun,,Australia
246,110,Neha,4191.0,UAE
247,111,Mohit,,Japan
248,112,Rahul,,Germany
249,113,Priya,88561.0,UAE
250,114,Pavan,,UK
251,115,Mohit,64999.0,France
252,116,Pavan,80176.0,France
